timestamp,lat,lon,alt,roll,pitch,yaw,baro_alt
0.0,28.613900,77.209000,120.5,0.10,-45.2,45.0,120.3
0.5,28.613912,77.209025,120.8,0.12,-45.1,47.5,120.6
1.0,28.613926,77.209052,121.0,0.15,-45.0,50.1,120.9
1.5,28.613941,77.209082,121.2,0.11,-44.8,53.2,121.0
2.0,28.613958,77.209115,121.5,0.08,-44.6,56.8,121.3
2.5,28.613975,77.209151,121.7,0.05,-44.5,60.5,121.5
3.0,28.613994,77.209190,121.9,0.02,-44.3,64.2,121.7
3.5,28.614014,77.209230,122.1,-0.02,-44.2,68.0,121.9
4.0,28.614035,77.209272,122.2,-0.05,-44.0,72.1,122.0
4.5,28.614057,77.209315,122.4,-0.08,-43.8,76.5,122.1
5.0,28.614080,77.209360,122.5,-0.10,-43.7,81.0,122.3
5.5,28.614104,77.209405,122.6,-0.11,-43.5,85.5,122.4
6.0,28.614128,77.209452,122.7,-0.12,-43.4,90.2,122.5
6.5,28.614152,77.209499,122.8,-0.10,-43.3,95.0,122.6
7.0,28.614177,77.209547,122.9,-0.07,-43.2,99.8,122.7
7.5,28.614202,77.209595,123.0,-0.04,-43.1,104.5,122.8
8.0,28.614227,77.209643,123.1,-0.01,-43.0,109.2,122.9
8.5,28.614251,77.209691,123.2,0.02,-42.9,114.0,123.0
9.0,28.614275,77.209739,123.2,0.05,-42.8,118.8,123.1
9.5,28.614299,77.209787,123.3,0.08,-42.7,123.5,123.2
10.0,28.614322,77.209835,123.4,0.10,-42.6,128.2,123.3
